{
  "model": "lof",
  "evaluation_mode": "supervised",
  "supervision_type": "role_c_threshold_selection",
  "label_source": "data\\processed\\anomaly_labels_v1.csv",
  "n_rows": 169539,
  "n_features": 50,
  "test_rows": 25431,
  "label_anomaly_rate": 0.06912822932641265,
  "threshold": -0.13748506755701959,
  "threshold_quantile": 0.7376,
  "anomaly_rate": 0.2667217175887696,
  "score_mean": -0.158393917299703,
  "score_std": 0.12047393987729417,
  "score_iqr": 0.09728117508723577,
  "stability_score": 1.0,
  "precision": 0.13121037888839746,
  "recall": 0.5062571103526735,
  "f1": 0.2084065097763728,
  "roc_auc": 0.6979866273347894,
  "pr_auc": 0.12317795519994457,
  "false_positive_rate": 0.2489333840239936,
  "false_negative_rate": 0.4937428896473265,
  "true_negative": 17780,
  "false_positive": 5893,
  "false_negative": 868,
  "true_positive": 890
}