{
  "generated_at_utc": "2026-05-10T10:20:54Z",
  "run_id": "trey_xgb_core_v1",
  "model": {
    "model_type": "sklearn",
    "model_name": "xgboost",
    "task_type": "classification"
  },
  "best_f1": 0.7528471768040114,
  "best_epoch": 1,
  "checkpoint_path": "D:/BRO/Uni/Group-A/testestest/tessst/Phoenix/ai-ml/models/core_model/xgb/test_notebook/checkpoints/trey_xgb_core_v1/model_xgboost_trey_xgb_core_v1_final.joblib",
  "dataset_used": "../datasets/phoenix_combined_dataset_large.csv",
  "metrics": {
    "validation": {
      "accuracy": 0.7566666666666667,
      "precision": 0.755655737704918,
      "recall": 0.7566666666666667,
      "f1": 0.7528471768040114,
      "confusion_matrix": [
        [
          91,
          0,
          0,
          0
        ],
        [
          0,
          57,
          0,
          28
        ],
        [
          0,
          0,
          46,
          0
        ],
        [
          0,
          45,
          0,
          33
        ]
      ],
      "auc": 0.9127617501222153
    },
    "test": {
      "accuracy": 0.7233333333333334,
      "precision": 0.7220619195046439,
      "recall": 0.7233333333333334,
      "f1": 0.7214827905091273,
      "confusion_matrix": [
        [
          90,
          0,
          0,
          0
        ],
        [
          0,
          48,
          0,
          36
        ],
        [
          0,
          0,
          47,
          0
        ],
        [
          0,
          47,
          0,
          32
        ]
      ],
      "auc": 0.9005817761577566
    }
  },
  "rows": {
    "input": 2000,
    "processed": 2000,
    "train": 1400,
    "val": 300,
    "test": 300
  },
  "tensorboard": {
    "enabled": true,
    "log_dir": null,
    "status": "disabled"
  }
}