{
  "model": "isolation_forest",
  "evaluation_mode": "supervised",
  "supervision_type": "role_c_threshold_selection",
  "label_source": "data\\processed\\anomaly_labels_v1.csv",
  "n_rows": 169539,
  "n_features": 50,
  "test_rows": 25431,
  "label_anomaly_rate": 0.06912822932641265,
  "threshold": 0.005870195929917488,
  "threshold_quantile": 0.94055,
  "anomaly_rate": 0.0592190633478825,
  "score_mean": -0.05729613618159723,
  "score_std": 0.040246127122075516,
  "score_iqr": 0.04220623433216511,
  "stability_score": 1.0,
  "precision": 0.5312084993359893,
  "recall": 0.4550625711035267,
  "f1": 0.49019607843137253,
  "roc_auc": 0.8551113587014425,
  "pr_auc": 0.5310185992152916,
  "false_positive_rate": 0.02982300511130824,
  "false_negative_rate": 0.5449374288964732,
  "true_negative": 22967,
  "false_positive": 706,
  "false_negative": 958,
  "true_positive": 800,
  "training_epochs": 1
}