{
  "model": "one_class_svm",
  "evaluation_mode": "supervised",
  "supervision_type": "role_c_threshold_selection",
  "label_source": "data\\processed\\anomaly_labels_v1.csv",
  "n_rows": 169539,
  "n_features": 50,
  "test_rows": 25431,
  "label_anomaly_rate": 0.06912822932641265,
  "threshold": 75.24653568415785,
  "threshold_quantile": 0.9554,
  "anomaly_rate": 0.043490228461326726,
  "score_mean": -149.64883875566485,
  "score_std": 147.77163264883114,
  "score_iqr": 140.34183597757595,
  "stability_score": 1.0,
  "precision": 0.6112115732368897,
  "recall": 0.3845278725824801,
  "f1": 0.4720670391061452,
  "roc_auc": 0.7347960577967719,
  "pr_auc": 0.4021751437243604,
  "false_positive_rate": 0.01816415325476281,
  "false_negative_rate": 0.6154721274175199,
  "true_negative": 23243,
  "false_positive": 430,
  "false_negative": 1082,
  "true_positive": 676
}